timestamp,source,rule_name,adaptation_type,adaptation_status,success,iou,vehicle_iou,road_iou,gt_failure_name,is_gt_failure
1091005074,analysis_/managed_subsystem/camera,activate_base_system,1,0,False,0.0,0.0,0.0,,False
1091005074,planning_/managed_subsystem/camera,,1,0,False,0.0,0.0,0.0,,False
1091005074,execute_lifecycle/managed_subsystem/camera,,1,1,False,0.0,0.0,0.0,,False
1091005074,analysis_/managed_subsystem/sensor_fusion,init_sensor_fusion,6,0,False,0.0,0.0,0.0,,False
1091005074,analysis_/managed_subsystem/sensor_fusion,activate_base_system,1,0,False,0.0,0.0,0.0,,False
1091005074,planning_/managed_subsystem/sensor_fusion,modality,6,0,False,0.0,0.0,0.0,,False
1091005074,planning_/managed_subsystem/sensor_fusion,,1,0,False,0.0,0.0,0.0,,False
1091005074,execute_lifecycle/managed_subsystem/sensor_fusion,,1,1,False,0.0,0.0,0.0,,False
1091005074,analysis_/managed_subsystem/segmentation,activate_base_system,1,0,False,0.0,0.0,0.0,,False
1091005074,planning_/managed_subsystem/segmentation,,1,0,False,0.0,0.0,0.0,,False
1091005074,execute_lifecycle/managed_subsystem/segmentation,,1,1,False,0.0,0.0,0.0,,False
1291017519,analysis_/managed_subsystem/camera,activate_base_system,1,0,False,0.0,0.0,0.0,,False
1291017519,execute_lifecycle/managed_subsystem/camera,,1,3,True,0.0,0.0,0.0,,False
1291017519,analysis_/managed_subsystem/sensor_fusion,activate_base_system,1,0,False,0.0,0.0,0.0,,False
1291017519,planning_/managed_subsystem/sensor_fusion,modality,6,0,False,0.0,0.0,0.0,,False
1291017519,execute_lifecycle/managed_subsystem/sensor_fusion,,1,3,True,0.0,0.0,0.0,,False
1291017519,execute_parametrization/managed_subsystem/sensor_fusion,,6,1,True,0.0,0.0,0.0,,False
1291017519,analysis_/managed_subsystem/segmentation,activate_base_system,1,0,False,0.0,0.0,0.0,,False
1291017519,execute_lifecycle/managed_subsystem/segmentation,,1,3,True,0.0,0.0,0.0,,False
1491027153,analysis_/managed_subsystem/camera,activate_base_system,1,0,False,0.0,0.0,0.0,,False
1491027153,analysis_/managed_subsystem/sensor_fusion,activate_base_system,1,0,False,0.0,0.0,0.0,,False
1491027153,execute_parametrization/managed_subsystem/sensor_fusion,,6,3,True,0.0,0.0,0.0,,False
1491027153,analysis_/managed_subsystem/segmentation,activate_base_system,1,0,False,0.0,0.0,0.0,,False
1691029188,analysis_/managed_subsystem/camera,activate_base_system,1,0,False,0.0,0.0,0.0,,False
1691029188,analysis_/managed_subsystem/sensor_fusion,activate_base_system,1,0,False,0.0,0.0,0.0,,False
1691029188,analysis_/managed_subsystem/segmentation,activate_base_system,1,0,False,0.0,0.0,0.0,,False
1566041851,/evaluator_log,,0,0,False,0.44534024596214294,0.7983193397521973,0.956221342086792,,False
1841047042,/evaluator_log,,0,0,False,0.44349342584609985,0.8147368431091309,0.9596167206764221,,False
1866024857,/evaluator_log,,0,0,False,0.44650816917419434,0.8099009990692139,0.9557469487190247,,False
1866024857,/evaluator_log,,0,0,False,0.4448145627975464,0.7741312980651855,0.9572909474372864,,False
1866024857,/evaluator_log,,0,0,False,0.41782501339912415,0.7843511700630188,0.9583854079246521,,False
1866024857,/evaluator_log,,0,0,False,0.4229087829589844,0.8632478713989258,0.9564698338508606,,False
1891029283,analysis_/managed_subsystem/camera,activate_base_system,1,0,False,0.0,0.0,0.0,,False
1891029283,analysis_/managed_subsystem/sensor_fusion,activate_base_system,1,0,False,0.0,0.0,0.0,,False
1891029283,analysis_/managed_subsystem/segmentation,activate_base_system,1,0,False,0.0,0.0,0.0,,False
1941013853,/evaluator_log,,0,0,False,0.41458505392074585,0.7694174647331238,0.9593592882156372,,False
2040995195,/evaluator_log,,0,0,False,0.4294413626194,0.40549829602241516,0.9632265567779541,,False
2091013387,analysis_/managed_subsystem/camera,activate_base_system,1,0,False,0.0,0.0,0.0,,False
2091013387,analysis_/managed_subsystem/sensor_fusion,activate_base_system,1,0,False,0.0,0.0,0.0,,False
2091013387,analysis_/managed_subsystem/segmentation,activate_base_system,1,0,False,0.0,0.0,0.0,,False
2116017872,/evaluator_log,,0,0,False,0.3752990663051605,0.2029411792755127,0.9600343108177185,,False
2216027855,/evaluator_log,,0,0,False,0.3652797341346741,0.14830508828163147,0.9592347741127014,,False
2291005521,analysis_/managed_subsystem/camera,activate_base_system,1,0,False,0.0,0.0,0.0,,False
2291005521,analysis_/managed_subsystem/sensor_fusion,activate_base_system,1,0,False,0.0,0.0,0.0,,False
2291005521,analysis_/managed_subsystem/segmentation,activate_base_system,1,0,False,0.0,0.0,0.0,,False
2316012627,/evaluator_log,,0,0,False,0.34033313393592834,0.0,0.9604002833366394,,False
2441043945,/evaluator_log,,0,0,False,0.3386878967285156,0.0,0.9586214423179626,,False
2491046047,analysis_/managed_subsystem/camera,activate_base_system,1,0,False,0.0,0.0,0.0,,False
2491046047,analysis_/managed_subsystem/sensor_fusion,activate_base_system,1,0,False,0.0,0.0,0.0,,False
2491046047,analysis_/managed_subsystem/segmentation,activate_base_system,1,0,False,0.0,0.0,0.0,,False
2541040867,/evaluator_log,,0,0,False,0.3840835988521576,0.20512820780277252,0.9537370204925537,,False
2641032010,/evaluator_log,,0,0,False,0.37012913823127747,0.19669117033481598,0.9539726972579956,,False
2691011880,analysis_/managed_subsystem/camera,activate_base_system,1,0,False,0.0,0.0,0.0,,False
2691011880,analysis_/managed_subsystem/sensor_fusion,activate_base_system,1,0,False,0.0,0.0,0.0,,False
2691011880,analysis_/managed_subsystem/segmentation,activate_base_system,1,0,False,0.0,0.0,0.0,,False
2716044456,/evaluator_log,,0,0,False,0.3700910806655884,0.15259739756584167,0.9448826909065247,,False
2816015418,/evaluator_log,,0,0,False,0.35593587160110474,0.14942529797554016,0.9414016604423523,,False
2891012545,analysis_/managed_subsystem/camera,activate_base_system,1,0,False,0.0,0.0,0.0,,False
2891012545,analysis_/managed_subsystem/sensor_fusion,activate_base_system,1,0,False,0.0,0.0,0.0,,False
2891012545,analysis_/managed_subsystem/segmentation,activate_base_system,1,0,False,0.0,0.0,0.0,,False
2916009470,/evaluator_log,,0,0,False,0.38510990142822266,0.26747840642929077,0.9402587413787842,,False
3041014468,/evaluator_log,,0,0,False,0.383693665266037,0.2927376627922058,0.9434953927993774,,False
3091016499,analysis_/managed_subsystem/camera,activate_base_system,1,0,False,0.0,0.0,0.0,,False
3091016499,analysis_/managed_subsystem/sensor_fusion,activate_base_system,1,0,False,0.0,0.0,0.0,,False
3091016499,analysis_/managed_subsystem/segmentation,activate_base_system,1,0,False,0.0,0.0,0.0,,False
3116013504,/evaluator_log,,0,0,False,0.40846753120422363,0.310490220785141,0.9489549398422241,,False
3241032803,/evaluator_log,,0,0,False,0.3899153769016266,0.23898601531982422,0.9374403953552246,,False
3291018954,analysis_/managed_subsystem/camera,activate_base_system,1,0,False,0.0,0.0,0.0,,False
3291018954,analysis_/managed_subsystem/sensor_fusion,activate_base_system,1,0,False,0.0,0.0,0.0,,False
3291018954,analysis_/managed_subsystem/segmentation,activate_base_system,1,0,False,0.0,0.0,0.0,,False
3316014029,/evaluator_log,,0,0,False,0.39236727356910706,0.22055168449878693,0.9361554980278015,,False
3416023592,/evaluator_log,,0,0,False,0.3847920596599579,0.1951208859682083,0.9365283846855164,,False
3491036189,analysis_/managed_subsystem/camera,activate_base_system,1,0,False,0.0,0.0,0.0,,False
3491036189,analysis_/managed_subsystem/sensor_fusion,activate_base_system,1,0,False,0.0,0.0,0.0,,False
3491036189,analysis_/managed_subsystem/segmentation,activate_base_system,1,0,False,0.0,0.0,0.0,,False
3516032794,/evaluator_log,,0,0,False,0.398396760225296,0.2497299164533615,0.9396037459373474,,False
3616048067,/evaluator_log,,0,0,False,0.39322370290756226,0.24123196303844452,0.9328598976135254,,False
3691043013,analysis_/managed_subsystem/camera,activate_base_system,1,0,False,0.0,0.0,0.0,,False
3691043013,analysis_/managed_subsystem/sensor_fusion,activate_base_system,1,0,False,0.0,0.0,0.0,,False
3691043013,analysis_/managed_subsystem/segmentation,activate_base_system,1,0,False,0.0,0.0,0.0,,False
3716062210,/evaluator_log,,0,0,False,0.39458900690078735,0.24005994200706482,0.9269246459007263,,False
3816035401,/evaluator_log,,0,0,False,0.3954252600669861,0.24096286296844482,0.9266101121902466,,False
3891031398,analysis_/managed_subsystem/camera,activate_base_system,1,0,False,0.0,0.0,0.0,,False
3891031398,analysis_/managed_subsystem/sensor_fusion,activate_base_system,1,0,False,0.0,0.0,0.0,,False
3891031398,analysis_/managed_subsystem/segmentation,activate_base_system,1,0,False,0.0,0.0,0.0,,False
3916037054,/evaluator_log,,0,0,False,0.4061998724937439,0.27789127826690674,0.9347987174987793,,False
4016067396,/evaluator_log,,0,0,False,0.3962398171424866,0.23907208442687988,0.9337592720985413,,False
4091038552,analysis_/managed_subsystem/camera,activate_base_system,1,0,False,0.0,0.0,0.0,,False
4091038552,analysis_/managed_subsystem/sensor_fusion,activate_base_system,1,0,False,0.0,0.0,0.0,,False
4091038552,analysis_/managed_subsystem/segmentation,activate_base_system,1,0,False,0.0,0.0,0.0,,False
4116040898,/evaluator_log,,0,0,False,0.40009453892707825,0.2697959840297699,0.9302132725715637,,False
4216069041,/evaluator_log,,0,0,False,0.39694342017173767,0.26282355189323425,0.9373038411140442,,False
4291045337,analysis_/managed_subsystem/camera,activate_base_system,1,0,False,0.0,0.0,0.0,,False
4291045337,analysis_/managed_subsystem/sensor_fusion,activate_base_system,1,0,False,0.0,0.0,0.0,,False
4291045337,analysis_/managed_subsystem/segmentation,activate_base_system,1,0,False,0.0,0.0,0.0,,False
4316068773,/evaluator_log,,0,0,False,0.37991079688072205,0.2079547941684723,0.9384556412696838,,False
4416073406,/evaluator_log,,0,0,False,0.39856427907943726,0.2753554880619049,0.9387032985687256,,False
4491054662,analysis_/managed_subsystem/camera,activate_base_system,1,0,False,0.0,0.0,0.0,,False
4491054662,analysis_/managed_subsystem/sensor_fusion,activate_base_system,1,0,False,0.0,0.0,0.0,,False
4491054662,analysis_/managed_subsystem/segmentation,activate_base_system,1,0,False,0.0,0.0,0.0,,False
4541072964,/evaluator_log,,0,0,False,0.39162999391555786,0.2552741765975952,0.942874014377594,,False
4616077671,/evaluator_log,,0,0,False,0.38277164101600647,0.22503289580345154,0.9382286071777344,,False
4691057287,analysis_/managed_subsystem/camera,activate_base_system,1,0,False,0.0,0.0,0.0,,False
4691057287,analysis_/managed_subsystem/sensor_fusion,activate_base_system,1,0,False,0.0,0.0,0.0,,False
4691057287,analysis_/managed_subsystem/segmentation,activate_base_system,1,0,False,0.0,0.0,0.0,,False
4716057832,/evaluator_log,,0,0,False,0.3867168426513672,0.23913976550102234,0.9412416219711304,,False
4816077815,/evaluator_log,,0,0,False,0.39339548349380493,0.2525407671928406,0.9417741894721985,,False
4891068061,analysis_/managed_subsystem/camera,activate_base_system,1,0,False,0.0,0.0,0.0,,False
4891068061,analysis_/managed_subsystem/sensor_fusion,activate_base_system,1,0,False,0.0,0.0,0.0,,False
4891068061,analysis_/managed_subsystem/segmentation,activate_base_system,1,0,False,0.0,0.0,0.0,,False
4941060313,/evaluator_log,,0,0,False,0.3896568715572357,0.24973854422569275,0.9437015056610107,,False
5016071140,/evaluator_log,,0,0,False,0.39291882514953613,0.2547225058078766,0.9414262175559998,,False
5091066776,analysis_/managed_subsystem/camera,activate_base_system,1,0,False,0.0,0.0,0.0,,False
5091066776,analysis_/managed_subsystem/sensor_fusion,activate_base_system,1,0,False,0.0,0.0,0.0,,False
5091066776,analysis_/managed_subsystem/segmentation,activate_base_system,1,0,False,0.0,0.0,0.0,,False
5116078712,/evaluator_log,,0,0,False,0.3886070251464844,0.2394483983516693,0.9379913806915283,,False
5216092654,/evaluator_log,,0,0,False,0.4057997763156891,0.2779002785682678,0.9428269863128662,,False
5291071911,analysis_/managed_subsystem/camera,activate_base_system,1,0,False,0.0,0.0,0.0,,False
5291071911,analysis_/managed_subsystem/sensor_fusion,activate_base_system,1,0,False,0.0,0.0,0.0,,False
5291071911,analysis_/managed_subsystem/segmentation,activate_base_system,1,0,False,0.0,0.0,0.0,,False
5341077542,/evaluator_log,,0,0,False,0.4134342670440674,0.3135016858577728,0.9489816427230835,,False
5441078914,/evaluator_log,,0,0,False,0.3964829742908478,0.23988643288612366,0.9426910281181335,,False
5491074336,analysis_/managed_subsystem/camera,activate_base_system,1,0,False,0.0,0.0,0.0,,False
5491074336,analysis_/managed_subsystem/sensor_fusion,activate_base_system,1,0,False,0.0,0.0,0.0,,False
5491074336,analysis_/managed_subsystem/segmentation,activate_base_system,1,0,False,0.0,0.0,0.0,,False
5516103241,/evaluator_log,,0,0,False,0.3976908326148987,0.23301419615745544,0.9415464997291565,,False
5616098463,/evaluator_log,,0,0,False,0.39976274967193604,0.24118022620677948,0.9432477355003357,,False
5691090110,analysis_/managed_subsystem/camera,activate_base_system,1,0,False,0.0,0.0,0.0,,False
5691090110,analysis_/managed_subsystem/sensor_fusion,activate_base_system,1,0,False,0.0,0.0,0.0,,False
5691090110,analysis_/managed_subsystem/segmentation,activate_base_system,1,0,False,0.0,0.0,0.0,,False
5716088076,/evaluator_log,,0,0,False,0.40684905648231506,0.25946706533432007,0.9427048563957214,,False
5841100454,/evaluator_log,,0,0,False,0.4024842083454132,0.26386260986328125,0.9438273310661316,,False
5891108006,analysis_/managed_subsystem/camera,activate_base_system,1,0,False,0.0,0.0,0.0,,False
5891108006,analysis_/managed_subsystem/sensor_fusion,activate_base_system,1,0,False,0.0,0.0,0.0,,False
5891108006,analysis_/managed_subsystem/segmentation,activate_base_system,1,0,False,0.0,0.0,0.0,,False
5941100816,/evaluator_log,,0,0,False,0.41029253602027893,0.2880783677101135,0.9446069598197937,,False
6016082752,/evaluator_log,,0,0,False,0.40555980801582336,0.2553877532482147,0.9444625973701477,,False
6091109150,analysis_/managed_subsystem/camera,activate_base_system,1,0,False,0.0,0.0,0.0,,False
6091109150,analysis_/managed_subsystem/sensor_fusion,activate_base_system,1,0,False,0.0,0.0,0.0,,False
6091109150,analysis_/managed_subsystem/segmentation,activate_base_system,1,0,False,0.0,0.0,0.0,,False
6116107676,/evaluator_log,,0,0,False,0.39157718420028687,0.2067452371120453,0.9434128999710083,,False
6216107588,/evaluator_log,,0,0,False,0.4029327630996704,0.25782060623168945,0.9463962912559509,,False
6291102515,analysis_/managed_subsystem/camera,activate_base_system,1,0,False,0.0,0.0,0.0,,False
6291102515,analysis_/managed_subsystem/sensor_fusion,activate_base_system,1,0,False,0.0,0.0,0.0,,False
6291102515,analysis_/managed_subsystem/segmentation,activate_base_system,1,0,False,0.0,0.0,0.0,,False
6316105580,/evaluator_log,,0,0,False,0.4091586172580719,0.2918025553226471,0.947340726852417,,False
6416113072,/evaluator_log,,0,0,False,0.3867802321910858,0.2434949427843094,0.9371359944343567,,False
6491111029,analysis_/managed_subsystem/camera,activate_base_system,1,0,False,0.0,0.0,0.0,,False
6491111029,analysis_/managed_subsystem/sensor_fusion,activate_base_system,1,0,False,0.0,0.0,0.0,,False
6491111029,analysis_/managed_subsystem/segmentation,activate_base_system,1,0,False,0.0,0.0,0.0,,False
6516112285,/evaluator_log,,0,0,False,0.3916684091091156,0.3800080716609955,0.9387648701667786,,False
6641120853,/evaluator_log,,0,0,False,0.3672424852848053,0.25040334463119507,0.944330096244812,,False
6691113684,analysis_/managed_subsystem/camera,activate_base_system,1,0,False,0.0,0.0,0.0,,False
6691113684,analysis_/managed_subsystem/sensor_fusion,activate_base_system,1,0,False,0.0,0.0,0.0,,False
6691113684,analysis_/managed_subsystem/segmentation,activate_base_system,1,0,False,0.0,0.0,0.0,,False
6716139950,/evaluator_log,,0,0,False,0.3951232433319092,0.2808765769004822,0.9421846866607666,,False
6841120278,/evaluator_log,,0,0,False,0.3793191909790039,0.23939910531044006,0.9444192051887512,,False
6891124388,analysis_/managed_subsystem/camera,activate_base_system,1,0,False,0.0,0.0,0.0,,False
6891124388,analysis_/managed_subsystem/sensor_fusion,activate_base_system,1,0,False,0.0,0.0,0.0,,False
6891124388,analysis_/managed_subsystem/segmentation,activate_base_system,1,0,False,0.0,0.0,0.0,,False
6916126654,/evaluator_log,,0,0,False,0.3781351149082184,0.29698190093040466,0.9420449137687683,,False
7016125767,/evaluator_log,,0,0,False,0.37167876958847046,0.26115682721138,0.9448673129081726,,False
7091120373,analysis_/managed_subsystem/camera,activate_base_system,1,0,False,0.0,0.0,0.0,,False
7091120373,analysis_/managed_subsystem/sensor_fusion,activate_base_system,1,0,False,0.0,0.0,0.0,,False
7091120373,analysis_/managed_subsystem/segmentation,activate_base_system,1,0,False,0.0,0.0,0.0,,False
7141131995,/evaluator_log,,0,0,False,0.3730089068412781,0.25947684049606323,0.9438442587852478,,False
7216138952,/evaluator_log,,0,0,False,0.3578771650791168,0.27489030361175537,0.9422292709350586,,False
7291147959,analysis_/managed_subsystem/camera,activate_base_system,1,0,False,0.0,0.0,0.0,,False
7291147959,analysis_/managed_subsystem/sensor_fusion,activate_base_system,1,0,False,0.0,0.0,0.0,,False
7291147959,analysis_/managed_subsystem/segmentation,activate_base_system,1,0,False,0.0,0.0,0.0,,False
7316137834,/evaluator_log,,0,0,False,0.3565685451030731,0.2609874904155731,0.9450022578239441,,False
7416157777,/evaluator_log,,0,0,False,0.3510355055332184,0.24932856857776642,0.945822536945343,,False
7491145463,analysis_/managed_subsystem/camera,activate_base_system,1,0,False,0.0,0.0,0.0,,False
7491145463,analysis_/managed_subsystem/sensor_fusion,activate_base_system,1,0,False,0.0,0.0,0.0,,False
7491145463,analysis_/managed_subsystem/segmentation,activate_base_system,1,0,False,0.0,0.0,0.0,,False
7516169449,/evaluator_log,,0,0,False,0.359305202960968,0.2686017155647278,0.9445559978485107,,False
7616158611,/evaluator_log,,0,0,False,0.36134621500968933,0.24157032370567322,0.9472289681434631,,False
7691177558,analysis_/managed_subsystem/camera,activate_base_system,1,0,False,0.0,0.0,0.0,,False
7691177558,analysis_/managed_subsystem/sensor_fusion,activate_base_system,1,0,False,0.0,0.0,0.0,,False
7691177558,analysis_/managed_subsystem/segmentation,activate_base_system,1,0,False,0.0,0.0,0.0,,False
7741160479,/evaluator_log,,0,0,False,0.3906087875366211,0.28931212425231934,0.9470723271369934,,False
7841343306,/evaluator_log,,0,0,False,0.39626407623291016,0.2933805584907532,0.9511997699737549,,False
7891132032,analysis_/managed_subsystem/camera,activate_base_system,1,0,False,0.0,0.0,0.0,,False
7891132032,analysis_/managed_subsystem/sensor_fusion,activate_base_system,1,0,False,0.0,0.0,0.0,,False
7891132032,analysis_/managed_subsystem/segmentation,activate_base_system,1,0,False,0.0,0.0,0.0,,False
7941128693,/evaluator_log,,0,0,False,0.40428102016448975,0.2937820553779602,0.9503963589668274,,False
8016146230,/evaluator_log,,0,0,False,0.40990912914276123,0.3125573694705963,0.9522916674613953,,False
8091133606,analysis_/managed_subsystem/camera,activate_base_system,1,0,False,0.0,0.0,0.0,,False
8091133606,analysis_/managed_subsystem/sensor_fusion,activate_base_system,1,0,False,0.0,0.0,0.0,,False
8116198043,analysis_/managed_subsystem/segmentation,activate_base_system,1,0,False,0.0,0.0,0.0,,False
8116198043,/evaluator_log,,0,0,False,0.41008126735687256,0.31030479073524475,0.9543029069900513,,False
8241139680,/evaluator_log,,0,0,False,0.4189479947090149,0.33008188009262085,0.9533461928367615,,False
8291148562,analysis_/managed_subsystem/camera,activate_base_system,1,0,False,0.0,0.0,0.0,,False
8316149287,analysis_/managed_subsystem/sensor_fusion,activate_base_system,1,0,False,0.0,0.0,0.0,,False
8316149287,analysis_/managed_subsystem/segmentation,activate_base_system,1,0,False,0.0,0.0,0.0,,False
8341177863,/evaluator_log,,0,0,False,0.40940943360328674,0.31248465180397034,0.9582542181015015,,False
8416163069,/evaluator_log,,0,0,False,0.41825592517852783,0.32453304529190063,0.9575203061103821,,False
8491187467,analysis_/managed_subsystem/camera,activate_base_system,1,0,False,0.0,0.0,0.0,,False
8516162322,analysis_/managed_subsystem/sensor_fusion,activate_base_system,1,0,False,0.0,0.0,0.0,,False
8516162322,analysis_/managed_subsystem/segmentation,activate_base_system,1,0,False,0.0,0.0,0.0,,False
8516162322,/evaluator_log,,0,0,False,0.41388261318206787,0.3045857846736908,0.9602625966072083,,False
8616203835,/evaluator_log,,0,0,False,0.4160095453262329,0.32425275444984436,0.9616517424583435,,False
8691175841,analysis_/managed_subsystem/camera,activate_base_system,1,0,False,0.0,0.0,0.0,,False
8716204457,analysis_/managed_subsystem/sensor_fusion,activate_base_system,1,0,False,0.0,0.0,0.0,,False
8716204457,analysis_/managed_subsystem/segmentation,activate_base_system,1,0,False,0.0,0.0,0.0,,False
8716204457,/evaluator_log,,0,0,False,0.42857322096824646,0.3345279395580292,0.9635951519012451,,False
8816199680,/evaluator_log,,0,0,False,0.4300380051136017,0.3301151394844055,0.9636062383651733,,False
8916171892,analysis_/managed_subsystem/camera,activate_base_system,1,0,False,0.0,0.0,0.0,,False
8916171892,analysis_/managed_subsystem/sensor_fusion,activate_base_system,1,0,False,0.0,0.0,0.0,,False
8916171892,analysis_/managed_subsystem/segmentation,activate_base_system,1,0,False,0.0,0.0,0.0,,False
8916171892,/evaluator_log,,0,0,False,0.4358969032764435,0.33129245042800903,0.9627599120140076,,False
9041189370,/evaluator_log,,0,0,False,0.39605873823165894,0.3369019627571106,0.9652537703514099,,False
9116215727,analysis_/managed_subsystem/camera,activate_base_system,1,0,False,0.0,0.0,0.0,,False
9116215727,analysis_/managed_subsystem/sensor_fusion,activate_base_system,1,0,False,0.0,0.0,0.0,,False
9116215727,analysis_/managed_subsystem/segmentation,activate_base_system,1,0,False,0.0,0.0,0.0,,False
9141198942,/evaluator_log,,0,0,False,0.418638676404953,0.32520243525505066,0.9654943943023682,,False
9216186429,/evaluator_log,,0,0,False,0.4215816259384155,0.3339768350124359,0.9645758271217346,,False
9316206702,analysis_/managed_subsystem/camera,activate_base_system,1,0,False,0.0,0.0,0.0,,False
9316206702,analysis_/managed_subsystem/sensor_fusion,activate_base_system,1,0,False,0.0,0.0,0.0,,False
9316206702,analysis_/managed_subsystem/segmentation,activate_base_system,1,0,False,0.0,0.0,0.0,,False
9316206702,/evaluator_log,,0,0,False,0.42420440912246704,0.33064132928848267,0.9664271473884583,,False
9416210074,/evaluator_log,,0,0,False,0.4109751582145691,0.33836930990219116,0.9675915837287903,,False
9516223327,analysis_/managed_subsystem/camera,activate_base_system,1,0,False,0.0,0.0,0.0,,False
9516223327,analysis_/managed_subsystem/sensor_fusion,activate_base_system,1,0,False,0.0,0.0,0.0,,False
9516223327,analysis_/managed_subsystem/segmentation,activate_base_system,1,0,False,0.0,0.0,0.0,,False
9516223327,/evaluator_log,,0,0,False,0.42941412329673767,0.33910953998565674,0.9647946357727051,,False
9616199249,/evaluator_log,,0,0,False,0.4453561007976532,0.34816017746925354,0.9605668783187866,,False
9716234412,analysis_/managed_subsystem/camera,activate_base_system,1,0,False,0.0,0.0,0.0,,False
9716234412,analysis_/managed_subsystem/sensor_fusion,activate_base_system,1,0,False,0.0,0.0,0.0,,False
9716234412,analysis_/managed_subsystem/segmentation,activate_base_system,1,0,False,0.0,0.0,0.0,,False
9716234412,/evaluator_log,,0,0,False,0.4578325152397156,0.32505542039871216,0.9585525393486023,,False
9816228154,/evaluator_log,,0,0,False,0.4351382255554199,0.36784225702285767,0.9588297009468079,,False
9916245306,analysis_/managed_subsystem/camera,activate_base_system,1,0,False,0.0,0.0,0.0,,False
9916245306,analysis_/managed_subsystem/sensor_fusion,activate_base_system,1,0,False,0.0,0.0,0.0,,False
9916245306,analysis_/managed_subsystem/segmentation,activate_base_system,1,0,False,0.0,0.0,0.0,,False
9916245306,/evaluator_log,,0,0,False,0.44242173433303833,0.33186110854148865,0.9544293880462646,,False
10041256865,/evaluator_log,,0,0,False,0.4542844891548157,0.35391297936439514,0.9593203067779541,,False
10116264442,analysis_/managed_subsystem/camera,activate_base_system,1,0,False,0.0,0.0,0.0,,False
10116264442,analysis_/managed_subsystem/sensor_fusion,activate_base_system,1,0,False,0.0,0.0,0.0,,False
10116264442,analysis_/managed_subsystem/segmentation,activate_base_system,1,0,False,0.0,0.0,0.0,,False
10116264442,/evaluator_log,,0,0,False,0.4518015682697296,0.3108377456665039,0.9554347395896912,,False
10216249044,/evaluator_log,,0,0,False,0.48809459805488586,0.3625699281692505,0.9568590521812439,,False
10316238336,analysis_/managed_subsystem/camera,activate_base_system,1,0,False,0.0,0.0,0.0,,False
10316238336,analysis_/managed_subsystem/sensor_fusion,activate_base_system,1,0,False,0.0,0.0,0.0,,False
10316238336,analysis_/managed_subsystem/segmentation,activate_base_system,1,0,False,0.0,0.0,0.0,,False
10316238336,/evaluator_log,,0,0,False,0.5089713931083679,0.34316638112068176,0.958877444267273,,False
10416250418,/evaluator_log,,0,0,False,0.4843616783618927,0.32467928528785706,0.9551532864570618,,False
10516230860,analysis_/managed_subsystem/camera,activate_base_system,1,0,False,0.0,0.0,0.0,,False
10516230860,analysis_/managed_subsystem/sensor_fusion,activate_base_system,1,0,False,0.0,0.0,0.0,,False
10516230860,analysis_/managed_subsystem/segmentation,activate_base_system,1,0,False,0.0,0.0,0.0,,False
10516230860,/evaluator_log,,0,0,False,0.48677074909210205,0.31903186440467834,0.952163815498352,,False
10616223683,/evaluator_log,,0,0,False,0.4970979392528534,0.32332947850227356,0.9578901529312134,,False
10716233385,analysis_/managed_subsystem/camera,activate_base_system,1,0,False,0.0,0.0,0.0,,False
10716233385,analysis_/managed_subsystem/sensor_fusion,activate_base_system,1,0,False,0.0,0.0,0.0,,False
10716233385,analysis_/managed_subsystem/segmentation,activate_base_system,1,0,False,0.0,0.0,0.0,,False
10716233385,/evaluator_log,,0,0,False,0.48279571533203125,0.30265143513679504,0.9617389440536499,,False
10816218047,/evaluator_log,,0,0,False,0.4830358624458313,0.3162248730659485,0.9608498215675354,,False
10916235940,analysis_/managed_subsystem/camera,activate_base_system,1,0,False,0.0,0.0,0.0,,False
10916235940,analysis_/managed_subsystem/sensor_fusion,activate_base_system,1,0,False,0.0,0.0,0.0,,False
10916235940,analysis_/managed_subsystem/segmentation,activate_base_system,1,0,False,0.0,0.0,0.0,,False
10916235940,/evaluator_log,,0,0,False,0.46740829944610596,0.3044601380825043,0.9610334038734436,,False
11041245048,/evaluator_log,,0,0,False,0.46238765120506287,0.27707770466804504,0.9583176374435425,,False
11116214594,analysis_/managed_subsystem/camera,activate_base_system,1,0,False,0.0,0.0,0.0,,False
11116214594,analysis_/managed_subsystem/sensor_fusion,activate_base_system,1,0,False,0.0,0.0,0.0,,False
11116214594,analysis_/managed_subsystem/segmentation,activate_base_system,1,0,False,0.0,0.0,0.0,,False
11116214594,/evaluator_log,,0,0,False,0.451534628868103,0.25726133584976196,0.9616755843162537,,False
11216212636,/evaluator_log,,0,0,False,0.5192292332649231,0.4080840051174164,0.9649755358695984,,False
11316207198,analysis_/managed_subsystem/camera,activate_base_system,1,0,False,0.0,0.0,0.0,,False
11316207198,analysis_/managed_subsystem/sensor_fusion,activate_base_system,1,0,False,0.0,0.0,0.0,,False
11316207198,analysis_/managed_subsystem/segmentation,activate_base_system,1,0,False,0.0,0.0,0.0,,False
11316207198,/evaluator_log,,0,0,False,0.5188544392585754,0.39156344532966614,0.9616026878356934,,False
11416217781,/evaluator_log,,0,0,False,0.5239356160163879,0.3899168074131012,0.9573562145233154,,False
11516232684,analysis_/managed_subsystem/camera,activate_base_system,1,0,False,0.0,0.0,0.0,,False
11516232684,analysis_/managed_subsystem/sensor_fusion,activate_base_system,1,0,False,0.0,0.0,0.0,,False
11516232684,analysis_/managed_subsystem/segmentation,activate_base_system,1,0,False,0.0,0.0,0.0,,False
11541218529,/evaluator_log,,0,0,False,0.5345290303230286,0.37898439168930054,0.9532184600830078,,False
11641243362,/evaluator_log,,0,0,False,0.5391032695770264,0.41802239418029785,0.9538710713386536,,False
11716264849,analysis_/managed_subsystem/camera,activate_base_system,1,0,False,0.0,0.0,0.0,,False
11716264849,analysis_/managed_subsystem/sensor_fusion,activate_base_system,1,0,False,0.0,0.0,0.0,,False
11716264849,analysis_/managed_subsystem/segmentation,activate_base_system,1,0,False,0.0,0.0,0.0,,False
11716264849,/evaluator_log,,0,0,False,0.5339447855949402,0.301980197429657,0.9531674981117249,,False
11816291782,/evaluator_log,,0,0,False,0.5267194509506226,0.2950080335140228,0.9528205990791321,,False
11916266604,analysis_/managed_subsystem/camera,activate_base_system,1,0,False,0.0,0.0,0.0,,False
11916266604,analysis_/managed_subsystem/sensor_fusion,activate_base_system,1,0,False,0.0,0.0,0.0,,False
11916266604,analysis_/managed_subsystem/segmentation,activate_base_system,1,0,False,0.0,0.0,0.0,,False
11941280080,/evaluator_log,,0,0,False,0.5216463804244995,0.2909952700138092,0.9501266479492188,,False
12041280672,/evaluator_log,,0,0,False,0.5155428647994995,0.28966790437698364,0.9566951990127563,,False
12116256438,analysis_/managed_subsystem/camera,activate_base_system,1,0,False,0.0,0.0,0.0,,False
12116256438,analysis_/managed_subsystem/sensor_fusion,activate_base_system,1,0,False,0.0,0.0,0.0,,False
12116256438,analysis_/managed_subsystem/segmentation,activate_base_system,1,0,False,0.0,0.0,0.0,,False
12141285595,/evaluator_log,,0,0,False,0.5117480754852295,0.2951167821884155,0.9588565826416016,,False
12241290797,/evaluator_log,,0,0,False,0.516977071762085,0.2946082651615143,0.9567508697509766,,False
12316335535,analysis_/managed_subsystem/camera,activate_base_system,1,0,False,0.0,0.0,0.0,,False
12316335535,analysis_/managed_subsystem/sensor_fusion,activate_base_system,1,0,False,0.0,0.0,0.0,,False
12316335535,analysis_/managed_subsystem/segmentation,activate_base_system,1,0,False,0.0,0.0,0.0,,False
12341297179,/evaluator_log,,0,0,False,0.5437355041503906,0.29744958877563477,0.9591550230979919,,False
12391308471,/camera/experiment_log,,0,0,False,0.0,0.0,0.0,camera_degraded,True
12441290282,/evaluator_log,,0,0,False,0.393033504486084,0.19548873603343964,0.8553779721260071,,False
12491288043,/camera/experiment_log,,0,0,False,0.0,0.0,0.0,camera_degraded,True
12516245268,analysis_/managed_subsystem/camera,activate_base_system,1,0,False,0.0,0.0,0.0,,False
12516245268,analysis_/managed_subsystem/sensor_fusion,activate_base_system,1,0,False,0.0,0.0,0.0,,False
12516245268,analysis_/managed_subsystem/segmentation,activate_base_system,1,0,False,0.0,0.0,0.0,,False
12541303904,/evaluator_log,,0,0,False,0.386817067861557,0.18015503883361816,0.8598535656929016,,False
12591270235,/camera/experiment_log,,0,0,False,0.0,0.0,0.0,camera_degraded,True
12641268256,/evaluator_log,,0,0,False,0.40212205052375793,0.15093186497688293,0.8305522799491882,,False
12691268567,/camera/experiment_log,,0,0,False,0.0,0.0,0.0,camera_degraded,True
12716219922,analysis_/managed_subsystem/camera,activate_base_system,1,0,False,0.0,0.0,0.0,,False
12716219922,analysis_/managed_subsystem/sensor_fusion,activate_base_system,1,0,False,0.0,0.0,0.0,,False
12716219922,analysis_/managed_subsystem/segmentation,activate_base_system,1,0,False,0.0,0.0,0.0,,False
12741291099,/evaluator_log,,0,0,False,0.40679216384887695,0.1461935043334961,0.8644652366638184,,False
12791287930,/camera/experiment_log,,0,0,False,0.0,0.0,0.0,camera_degraded,True
12816299176,/evaluator_log,,0,0,False,0.399168998003006,0.13405145704746246,0.848213255405426,,False
12891293323,/camera/experiment_log,,0,0,False,0.0,0.0,0.0,camera_degraded,True
12916316409,analysis_/managed_subsystem/camera,activate_base_system,1,0,False,0.0,0.0,0.0,,False
12916316409,analysis_/managed_subsystem/sensor_fusion,activate_base_system,1,0,False,0.0,0.0,0.0,,False
12916316409,analysis_/managed_subsystem/segmentation,activate_base_system,1,0,False,0.0,0.0,0.0,,False
12941330445,/evaluator_log,,0,0,False,0.4045247435569763,0.16767852008342743,0.8590235710144043,,False
12991301985,/camera/experiment_log,,0,0,False,0.0,0.0,0.0,camera_degraded,True
13041323897,/evaluator_log,,0,0,False,0.42758405208587646,0.12745098769664764,0.8544554114341736,,False
13091296058,/camera/experiment_log,,0,0,False,0.0,0.0,0.0,camera_degraded,True
13116311293,analysis_/managed_subsystem/camera,activate_base_system,1,0,False,0.0,0.0,0.0,,False
13116311293,analysis_/managed_subsystem/sensor_fusion,activate_base_system,1,0,False,0.0,0.0,0.0,,False
13116311293,analysis_/managed_subsystem/segmentation,activate_base_system,1,0,False,0.0,0.0,0.0,,False
13141308959,/evaluator_log,,0,0,False,0.4227248430252075,0.15774647891521454,0.8293587565422058,,False
13191323130,/camera/experiment_log,,0,0,False,0.0,0.0,0.0,camera_degraded,True
13216313056,/evaluator_log,,0,0,False,0.4408709406852722,0.20734341442584991,0.8527100086212158,,False
13291313373,/camera/experiment_log,,0,0,False,0.0,0.0,0.0,camera_degraded,True
13316311238,analysis_/managed_subsystem/camera,activate_base_system,1,0,False,0.0,0.0,0.0,,False
13316311238,analysis_/managed_subsystem/sensor_fusion,activate_base_system,1,0,False,0.0,0.0,0.0,,False
13316311238,analysis_/managed_subsystem/segmentation,activate_base_system,1,0,False,0.0,0.0,0.0,,False
13316311238,/evaluator_log,,0,0,False,0.4282224774360657,0.1666666716337204,0.8820642828941345,,False
13391323865,/camera/experiment_log,,0,0,False,0.0,0.0,0.0,camera_degraded,True
13441329947,/evaluator_log,,0,0,False,0.429933100938797,0.2041420191526413,0.9013085961341858,,False
13491323117,/camera/experiment_log,,0,0,False,0.0,0.0,0.0,camera_degraded,True
13516305843,analysis_/managed_subsystem/camera,activate_base_system,1,0,False,0.0,0.0,0.0,,False
13516305843,analysis_/managed_subsystem/sensor_fusion,activate_base_system,1,0,False,0.0,0.0,0.0,,False
13516305843,analysis_/managed_subsystem/segmentation,activate_base_system,1,0,False,0.0,0.0,0.0,,False
13541327079,/evaluator_log,,0,0,False,0.4260801076889038,0.24880094826221466,0.8895021080970764,,False
13591319100,/camera/experiment_log,,0,0,False,0.0,0.0,0.0,camera_degraded,True
13641290830,/evaluator_log,,0,0,False,0.4151187539100647,0.2584362328052521,0.8881367444992065,,False
13691283351,/camera/experiment_log,,0,0,False,0.0,0.0,0.0,camera_degraded,True
13716326028,analysis_/managed_subsystem/camera,activate_base_system,1,0,False,0.0,0.0,0.0,,False
13716326028,analysis_/managed_subsystem/sensor_fusion,activate_base_system,1,0,False,0.0,0.0,0.0,,False
13716326028,analysis_/managed_subsystem/segmentation,activate_base_system,1,0,False,0.0,0.0,0.0,,False
13741289783,/evaluator_log,,0,0,False,0.38182222843170166,0.1843971610069275,0.9096684455871582,,False
13791306824,/camera/experiment_log,,0,0,False,0.0,0.0,0.0,camera_degraded,True
13816301550,/evaluator_log,,0,0,False,0.36743026971817017,0.0,0.906889796257019,,False
13891296746,/camera/experiment_log,,0,0,False,0.0,0.0,0.0,camera_degraded,True
13916324642,analysis_/managed_subsystem/camera,activate_base_system,1,0,False,0.0,0.0,0.0,,False
13916324642,analysis_/managed_subsystem/sensor_fusion,activate_base_system,1,0,False,0.0,0.0,0.0,,False
13916324642,analysis_/managed_subsystem/segmentation,activate_base_system,1,0,False,0.0,0.0,0.0,,False
13916324642,/evaluator_log,,0,0,False,0.4054742157459259,0.0,0.8980557918548584,,False
13991265318,/camera/experiment_log,,0,0,False,0.0,0.0,0.0,camera_degraded,True
14041272769,/evaluator_log,,0,0,False,0.3579239249229431,0.0,0.9085747003555298,,False
14091312151,/camera/experiment_log,,0,0,False,0.0,0.0,0.0,camera_degraded,True
14116303397,analysis_/managed_subsystem/camera,activate_base_system,1,0,False,0.0,0.0,0.0,,False
14116303397,analysis_/managed_subsystem/sensor_fusion,activate_base_system,1,0,False,0.0,0.0,0.0,,False
14116303397,analysis_/managed_subsystem/segmentation,activate_base_system,1,0,False,0.0,0.0,0.0,,False
14116303397,/evaluator_log,,0,0,False,0.3936900198459625,0.0,0.9283875226974487,,False
14191289863,/camera/experiment_log,,0,0,False,0.0,0.0,0.0,camera_degraded,True
14241290135,/evaluator_log,,0,0,False,0.3890177309513092,0.0,0.9126298427581787,,False
14291298796,/camera/experiment_log,,0,0,False,0.0,0.0,0.0,camera_degraded,True
14316295701,analysis_/managed_subsystem/camera,activate_base_system,1,0,False,0.0,0.0,0.0,,False
14316295701,analysis_/managed_subsystem/sensor_fusion,activate_base_system,1,0,False,0.0,0.0,0.0,,False
14316295701,analysis_/managed_subsystem/segmentation,activate_base_system,1,0,False,0.0,0.0,0.0,,False
14341316067,/evaluator_log,,0,0,False,0.4069364666938782,0.0,0.919328510761261,,False
14391305348,/camera/experiment_log,,0,0,False,0.0,0.0,0.0,camera_degraded,True
14416302344,/evaluator_log,,0,0,False,0.39671790599823,0.0,0.9206004738807678,,False
14491318741,/camera/experiment_log,,0,0,False,0.0,0.0,0.0,camera_degraded,True
14516313697,analysis_/managed_subsystem/camera,activate_base_system,1,0,False,0.0,0.0,0.0,,False
14516313697,analysis_/managed_subsystem/sensor_fusion,activate_base_system,1,0,False,0.0,0.0,0.0,,False
14516313697,analysis_/managed_subsystem/segmentation,activate_base_system,1,0,False,0.0,0.0,0.0,,False
14541266141,/evaluator_log,,0,0,False,0.3617277145385742,0.0,0.9097986221313477,,False
14591323914,/camera/experiment_log,,0,0,False,0.0,0.0,0.0,camera_degraded,True
14616307109,/evaluator_log,,0,0,False,0.3543871343135834,0.0,0.9051129221916199,,False
14691328856,/camera/experiment_log,,0,0,False,0.0,0.0,0.0,camera_degraded,True
14716327282,analysis_/managed_subsystem/camera,activate_base_system,1,0,False,0.0,0.0,0.0,,False
14716327282,analysis_/managed_subsystem/sensor_fusion,activate_base_system,1,0,False,0.0,0.0,0.0,,False
14716327282,analysis_/managed_subsystem/segmentation,activate_base_system,1,0,False,0.0,0.0,0.0,,False
14741299687,/evaluator_log,,0,0,False,0.348769873380661,0.0,0.9174890518188477,,False
14791320148,/camera/experiment_log,,0,0,False,0.0,0.0,0.0,camera_degraded,True
14816321084,/evaluator_log,,0,0,False,0.3451794981956482,0.0,0.9084658622741699,,False
14891321961,/camera/experiment_log,,0,0,False,0.0,0.0,0.0,camera_degraded,True
14916331367,analysis_/managed_subsystem/camera,activate_base_system,1,0,False,0.0,0.0,0.0,,False
14916331367,analysis_/managed_subsystem/sensor_fusion,activate_base_system,1,0,False,0.0,0.0,0.0,,False
14916331367,analysis_/managed_subsystem/segmentation,activate_base_system,1,0,False,0.0,0.0,0.0,,False
14941306061,/evaluator_log,,0,0,False,0.33864814043045044,0.0,0.8969842195510864,,False
14991329644,/camera/experiment_log,,0,0,False,0.0,0.0,0.0,camera_degraded,True
15016328809,/evaluator_log,,0,0,False,0.339426189661026,0.0,0.8988263607025146,,False
15091329055,/camera/experiment_log,,0,0,False,0.0,0.0,0.0,camera_degraded,True
15116334332,analysis_/managed_subsystem/camera,activate_base_system,1,0,False,0.0,0.0,0.0,,False
15116334332,analysis_/managed_subsystem/sensor_fusion,activate_base_system,1,0,False,0.0,0.0,0.0,,False
15116334332,analysis_/managed_subsystem/segmentation,activate_base_system,1,0,False,0.0,0.0,0.0,,False
15141331157,/evaluator_log,,0,0,False,0.38364022970199585,0.0,0.9008278846740723,,False
15191331018,/camera/experiment_log,,0,0,False,0.0,0.0,0.0,camera_degraded,True
15241350950,/evaluator_log,,0,0,False,0.38479939103126526,0.0,0.8826847672462463,,False
15291341181,/camera/experiment_log,,0,0,False,0.0,0.0,0.0,camera_degraded,True
15316336767,analysis_/managed_subsystem/camera,activate_base_system,1,0,False,0.0,0.0,0.0,,False
15316336767,analysis_/managed_subsystem/sensor_fusion,activate_base_system,1,0,False,0.0,0.0,0.0,,False
15316336767,analysis_/managed_subsystem/segmentation,activate_base_system,1,0,False,0.0,0.0,0.0,,False
15341330922,/evaluator_log,,0,0,False,0.3471595048904419,0.0,0.8855376243591309,,False
15391410205,/camera/experiment_log,,0,0,False,0.0,0.0,0.0,camera_degraded,True
15416348119,/evaluator_log,,0,0,False,0.3710936903953552,0.0,0.8924238085746765,,False
15491342265,/camera/experiment_log,,0,0,False,0.0,0.0,0.0,camera_degraded,True
15516347751,analysis_/managed_subsystem/camera,activate_base_system,1,0,False,0.0,0.0,0.0,,False
15516347751,analysis_/managed_subsystem/sensor_fusion,activate_base_system,1,0,False,0.0,0.0,0.0,,False
15516347751,analysis_/managed_subsystem/segmentation,activate_base_system,1,0,False,0.0,0.0,0.0,,False
15516347751,/evaluator_log,,0,0,False,0.37206000089645386,0.0,0.8923907279968262,,False
15591321388,/camera/experiment_log,,0,0,False,0.0,0.0,0.0,camera_degraded,True
15616353254,/evaluator_log,,0,0,False,0.353577196598053,0.0,0.8969612121582031,,False
15691321820,/camera/experiment_log,,0,0,False,0.0,0.0,0.0,camera_degraded,True
15716339596,/evaluator_log,,0,0,False,0.3556685447692871,0.0,0.8972574472427368,,False
15716339596,analysis_/managed_subsystem/camera,activate_base_system,1,0,False,0.0,0.0,0.0,,False
15716339596,analysis_/managed_subsystem/sensor_fusion,activate_base_system,1,0,False,0.0,0.0,0.0,,False
15716339596,analysis_/managed_subsystem/segmentation,activate_base_system,1,0,False,0.0,0.0,0.0,,False
15791350223,/camera/experiment_log,,0,0,False,0.0,0.0,0.0,camera_degraded,True
15841343494,/evaluator_log,,0,0,False,0.37115922570228577,0.0,0.9026387929916382,,False
15891334815,/camera/experiment_log,,0,0,False,0.0,0.0,0.0,camera_degraded,True
15916337761,analysis_/managed_subsystem/camera,activate_base_system,1,0,False,0.0,0.0,0.0,,False
15916337761,analysis_/managed_subsystem/sensor_fusion,activate_base_system,1,0,False,0.0,0.0,0.0,,False
15916337761,analysis_/managed_subsystem/segmentation,activate_base_system,1,0,False,0.0,0.0,0.0,,False
15941339257,/evaluator_log,,0,0,False,0.37961578369140625,0.0,0.8923050165176392,,False
15991333617,/camera/experiment_log,,0,0,False,0.0,0.0,0.0,camera_degraded,True
16016328513,/evaluator_log,,0,0,False,0.38588905334472656,0.0,0.9030724763870239,,False
16091323360,/camera/experiment_log,,0,0,False,0.0,0.0,0.0,camera_degraded,True
16116353026,analysis_/managed_subsystem/camera,activate_base_system,1,0,False,0.0,0.0,0.0,,False
16116353026,analysis_/managed_subsystem/sensor_fusion,activate_base_system,1,0,False,0.0,0.0,0.0,,False
16116353026,analysis_/managed_subsystem/segmentation,activate_base_system,1,0,False,0.0,0.0,0.0,,False
16141331891,/evaluator_log,,0,0,False,0.3598462641239166,0.0,0.9034387469291687,,False
16191358063,/camera/experiment_log,,0,0,False,0.0,0.0,0.0,camera_degraded,True
16241355194,/evaluator_log,,0,0,False,0.38838326930999756,0.0,0.8683644533157349,,False
16291345115,/camera/experiment_log,,0,0,False,0.0,0.0,0.0,camera_degraded,True
16316355581,analysis_/managed_subsystem/camera,activate_base_system,1,0,False,0.0,0.0,0.0,,False
16341350846,analysis_/managed_subsystem/sensor_fusion,activate_base_system,1,0,False,0.0,0.0,0.0,,False
16341350846,analysis_/managed_subsystem/segmentation,activate_base_system,1,0,False,0.0,0.0,0.0,,False
16316355581,/evaluator_log,,0,0,False,0.37148261070251465,0.0,0.8812161087989807,,False
16391362778,/camera/experiment_log,,0,0,False,0.0,0.0,0.0,camera_degraded,True
16416357203,/evaluator_log,,0,0,False,0.30993127822875977,0.0,0.8738870620727539,,False
16491362150,/camera/experiment_log,,0,0,False,0.0,0.0,0.0,camera_degraded,True
16516360665,analysis_/managed_subsystem/camera,activate_base_system,1,0,False,0.0,0.0,0.0,,False
16541339480,analysis_/managed_subsystem/sensor_fusion,activate_base_system,1,0,False,0.0,0.0,0.0,,False
16541339480,analysis_/managed_subsystem/segmentation,activate_base_system,1,0,False,0.0,0.0,0.0,,False
16516360665,/evaluator_log,,0,0,False,0.32545045018196106,0.0,0.8861143589019775,,False
16591375823,/camera/experiment_log,,0,0,False,0.0,0.0,0.0,camera_degraded,True
16641340113,/evaluator_log,,0,0,False,0.3246712386608124,0.0,0.8686948418617249,,False
16691371815,/camera/experiment_log,,0,0,False,0.0,0.0,0.0,camera_degraded,True
16716369971,analysis_/managed_subsystem/camera,activate_base_system,1,0,False,0.0,0.0,0.0,,False
16741341275,analysis_/managed_subsystem/sensor_fusion,activate_base_system,1,0,False,0.0,0.0,0.0,,False
16741341275,analysis_/managed_subsystem/segmentation,activate_base_system,1,0,False,0.0,0.0,0.0,,False
16716369971,/evaluator_log,,0,0,False,0.32557931542396545,0.0,0.8674592971801758,,False
16791363977,/camera/experiment_log,,0,0,False,0.0,0.0,0.0,camera_degraded,True
16816362233,/evaluator_log,,0,0,False,0.31303709745407104,0.0,0.878407895565033,,False
16891368830,/camera/experiment_log,,0,0,False,0.0,0.0,0.0,camera_degraded,True
16941371131,analysis_/managed_subsystem/camera,activate_base_system,1,0,False,0.0,0.0,0.0,,False
16941371131,analysis_/managed_subsystem/sensor_fusion,activate_base_system,1,0,False,0.0,0.0,0.0,,False
16941371131,analysis_/managed_subsystem/segmentation,activate_base_system,1,0,False,0.0,0.0,0.0,,False
16941371131,/evaluator_log,,0,0,False,0.28113895654678345,0.0,0.8934774994850159,,False
16991373362,/camera/experiment_log,,0,0,False,0.0,0.0,0.0,camera_degraded,True
17041376894,/evaluator_log,,0,0,False,0.2915402948856354,0.0,0.87931889295578,,False
17091410006,/camera/experiment_log,,0,0,False,0.0,0.0,0.0,camera_degraded,True
17116390771,/evaluator_log,,0,0,False,0.291130006313324,0.0,0.8938887715339661,,False
17141395846,analysis_/managed_subsystem/camera,activate_base_system,1,0,False,0.0,0.0,0.0,,False
17141395846,analysis_/managed_subsystem/sensor_fusion,activate_base_system,1,0,False,0.0,0.0,0.0,,False
17141395846,analysis_/managed_subsystem/segmentation,activate_base_system,1,0,False,0.0,0.0,0.0,,False
17191364757,/camera/experiment_log,,0,0,False,0.0,0.0,0.0,camera_degraded,True
17216383813,/evaluator_log,,0,0,False,0.28638800978660583,0.0,0.9005492329597473,,False
17291368339,/camera/experiment_log,,0,0,False,0.0,0.0,0.0,camera_degraded,True
17316376355,/evaluator_log,,0,0,False,0.2915226221084595,0.0,0.9031715989112854,,False
17341358700,analysis_/managed_subsystem/camera,activate_base_system,1,0,False,0.0,0.0,0.0,,False
17341358700,analysis_/managed_subsystem/sensor_fusion,activate_base_system,1,0,False,0.0,0.0,0.0,,False
17341358700,analysis_/managed_subsystem/segmentation,activate_base_system,1,0,False,0.0,0.0,0.0,,False
17391369112,/camera/experiment_log,,0,0,False,0.0,0.0,0.0,camera_degraded,True
17441382194,/evaluator_log,,0,0,False,0.2864723801612854,0.0,0.9147928953170776,,False
17491376194,/camera/experiment_log,,0,0,False,0.0,0.0,0.0,camera_degraded,True
17541365825,analysis_/managed_subsystem/camera,activate_base_system,1,0,False,0.0,0.0,0.0,,False
17541365825,analysis_/managed_subsystem/sensor_fusion,activate_base_system,1,0,False,0.0,0.0,0.0,,False
17541365825,analysis_/managed_subsystem/segmentation,activate_base_system,1,0,False,0.0,0.0,0.0,,False
17541365825,/evaluator_log,,0,0,False,0.2858201265335083,0.0,0.9179064035415649,,False
17591376727,/camera/experiment_log,,0,0,False,0.0,0.0,0.0,camera_degraded,True
17641397009,/evaluator_log,,0,0,False,0.28169676661491394,0.0,0.9209426045417786,,False
17691381599,/camera/experiment_log,,0,0,False,0.0,0.0,0.0,camera_degraded,True
17741398801,analysis_/managed_subsystem/camera,activate_base_system,1,0,False,0.0,0.0,0.0,,False
17741398801,analysis_/managed_subsystem/sensor_fusion,activate_base_system,1,0,False,0.0,0.0,0.0,,False
17741398801,analysis_/managed_subsystem/segmentation,activate_base_system,1,0,False,0.0,0.0,0.0,,False
17741398801,/evaluator_log,,0,0,False,0.31850743293762207,0.0,0.9346295595169067,,False
17791404802,/camera/experiment_log,,0,0,False,0.0,0.0,0.0,camera_degraded,True
17816405748,/evaluator_log,,0,0,False,0.30428117513656616,0.0,0.9336126446723938,,False
17891370194,/camera/experiment_log,,0,0,False,0.0,0.0,0.0,camera_degraded,True
17916384570,/evaluator_log,,0,0,False,0.32102257013320923,0.0,0.9365965723991394,,False
17941372215,analysis_/managed_subsystem/camera,activate_base_system,1,0,False,0.0,0.0,0.0,,False
17941372215,analysis_/managed_subsystem/sensor_fusion,activate_base_system,1,0,False,0.0,0.0,0.0,,False
17941372215,analysis_/managed_subsystem/segmentation,activate_base_system,1,0,False,0.0,0.0,0.0,,False
17991370197,/camera/experiment_log,,0,0,False,0.0,0.0,0.0,camera_degraded,True
18016426503,/evaluator_log,,0,0,False,0.3223150074481964,0.0,0.9284021258354187,,False
18091397839,/camera/experiment_log,,0,0,False,0.0,0.0,0.0,camera_degraded,True
18141422701,analysis_/managed_subsystem/camera,activate_base_system,1,0,False,0.0,0.0,0.0,,False
18141422701,analysis_/managed_subsystem/sensor_fusion,activate_base_system,1,0,False,0.0,0.0,0.0,,False
18141422701,analysis_/managed_subsystem/segmentation,activate_base_system,1,0,False,0.0,0.0,0.0,,False
18141422701,/evaluator_log,,0,0,False,0.31590884923934937,0.0,0.9172108173370361,,False
18191404582,/camera/experiment_log,,0,0,False,0.0,0.0,0.0,camera_degraded,True
18216403698,/evaluator_log,,0,0,False,0.31469523906707764,0.0,0.9120776057243347,,False
18291402634,/camera/experiment_log,,0,0,False,0.0,0.0,0.0,camera_degraded,True
18316394200,/evaluator_log,,0,0,False,0.3303050100803375,0.0,0.9033544063568115,,False
18341379285,analysis_/managed_subsystem/camera,activate_base_system,1,0,False,0.0,0.0,0.0,,False
18341379285,analysis_/managed_subsystem/sensor_fusion,activate_base_system,1,0,False,0.0,0.0,0.0,,False
18341379285,analysis_/managed_subsystem/segmentation,activate_base_system,1,0,False,0.0,0.0,0.0,,False
18391404787,/camera/experiment_log,,0,0,False,0.0,0.0,0.0,camera_degraded,True
18441387058,/evaluator_log,,0,0,False,0.3243066966533661,0.0,0.9016948938369751,,False
18491397259,/camera/experiment_log,,0,0,False,0.0,0.0,0.0,camera_degraded,True
18541393060,analysis_/managed_subsystem/camera,activate_base_system,1,0,False,0.0,0.0,0.0,,False
18541393060,analysis_/managed_subsystem/sensor_fusion,activate_base_system,1,0,False,0.0,0.0,0.0,,False
18541393060,analysis_/managed_subsystem/segmentation,activate_base_system,1,0,False,0.0,0.0,0.0,,False
18516391765,/evaluator_log,,0,0,False,0.3240415155887604,0.0,0.8766782879829407,,False
18591398161,/camera/experiment_log,,0,0,False,0.0,0.0,0.0,camera_degraded,True
18616393227,/evaluator_log,,0,0,False,0.29719358682632446,0.0,0.8454330563545227,,False
18691418854,/camera/experiment_log,,0,0,False,0.0,0.0,0.0,camera_degraded,True
18741419975,analysis_/managed_subsystem/camera,activate_base_system,1,0,False,0.0,0.0,0.0,,False
18741419975,analysis_/managed_subsystem/sensor_fusion,activate_base_system,1,0,False,0.0,0.0,0.0,,False
18741419975,/evaluator_log,,0,0,False,0.2925051152706146,0.0,0.8384681344032288,,False
18741419975,analysis_/managed_subsystem/segmentation,activate_base_system,1,0,False,0.0,0.0,0.0,,False
18791422477,/camera/experiment_log,,0,0,False,0.0,0.0,0.0,camera_degraded,True
18841435289,/evaluator_log,,0,0,False,0.2713487148284912,0.0,0.8483965992927551,,False
18891428459,/camera/experiment_log,,0,0,False,0.0,0.0,0.0,camera_degraded,True
18941431611,analysis_/managed_subsystem/camera,activate_base_system,1,0,False,0.0,0.0,0.0,,False
18941431611,analysis_/managed_subsystem/sensor_fusion,activate_base_system,1,0,False,0.0,0.0,0.0,,False
18941431611,analysis_/managed_subsystem/segmentation,activate_base_system,1,0,False,0.0,0.0,0.0,,False
18941431611,/evaluator_log,,0,0,False,0.3050956130027771,0.0,0.8197727203369141,,False
18991418352,/camera/experiment_log,,0,0,False,0.0,0.0,0.0,camera_degraded,True
19016419267,/evaluator_log,,0,0,False,0.29784080386161804,0.0,0.8102642893791199,,False
19091421454,/camera/experiment_log,,0,0,False,0.0,0.0,0.0,camera_degraded,True
19116425110,/evaluator_log,,0,0,False,0.29598096013069153,0.0,0.8298118114471436,,False
19141428665,analysis_/managed_subsystem/camera,activate_base_system,1,0,False,0.0,0.0,0.0,,False
19141428665,analysis_/managed_subsystem/sensor_fusion,activate_base_system,1,0,False,0.0,0.0,0.0,,False
19141428665,analysis_/managed_subsystem/segmentation,activate_base_system,1,0,False,0.0,0.0,0.0,,False
19191405776,/camera/experiment_log,,0,0,False,0.0,0.0,0.0,camera_degraded,True
19241440948,/evaluator_log,,0,0,False,0.31276193261146545,0.0,0.8199272155761719,,False
19291424429,/camera/experiment_log,,0,0,False,0.0,0.0,0.0,camera_degraded,True
19316416985,/evaluator_log,,0,0,False,0.305563360452652,0.0,0.77854984998703,,False
19341430360,analysis_/managed_subsystem/camera,activate_base_system,1,0,False,0.0,0.0,0.0,,False
19341430360,analysis_/managed_subsystem/sensor_fusion,activate_base_system,1,0,False,0.0,0.0,0.0,,False
19341430360,analysis_/managed_subsystem/segmentation,activate_base_system,1,0,False,0.0,0.0,0.0,,False
19391413081,/camera/experiment_log,,0,0,False,0.0,0.0,0.0,camera_degraded,True
19441414883,/evaluator_log,,0,0,False,0.30742186307907104,0.0,0.7974754571914673,,False
19491415334,/camera/experiment_log,,0,0,False,0.0,0.0,0.0,camera_degraded,True
19516415059,/evaluator_log,,0,0,False,0.31739598512649536,0.0,0.8201351165771484,,False
19541421895,analysis_/managed_subsystem/camera,activate_base_system,1,0,False,0.0,0.0,0.0,,False
19541421895,analysis_/managed_subsystem/sensor_fusion,activate_base_system,1,0,False,0.0,0.0,0.0,,False
19541421895,analysis_/managed_subsystem/segmentation,activate_base_system,1,0,False,0.0,0.0,0.0,,False
19591434757,/camera/experiment_log,,0,0,False,0.0,0.0,0.0,camera_degraded,True
19616441312,/evaluator_log,,0,0,False,0.310256689786911,0.0,0.8028591871261597,,False
19691419839,/camera/experiment_log,,0,0,False,0.0,0.0,0.0,camera_degraded,True
19716428604,/evaluator_log,,0,0,False,0.32140210270881653,0.0,0.8273819088935852,,False
19741428060,analysis_/managed_subsystem/camera,activate_base_system,1,0,False,0.0,0.0,0.0,,False
19741428060,analysis_/managed_subsystem/sensor_fusion,activate_base_system,1,0,False,0.0,0.0,0.0,,False
19741428060,analysis_/managed_subsystem/segmentation,activate_base_system,1,0,False,0.0,0.0,0.0,,False
19791431722,/camera/experiment_log,,0,0,False,0.0,0.0,0.0,camera_degraded,True
19816439687,/evaluator_log,,0,0,False,0.3301568925380707,0.0,0.8370183110237122,,False
19891423224,/camera/experiment_log,,0,0,False,0.0,0.0,0.0,camera_degraded,True
19916439710,/evaluator_log,,0,0,False,0.3295944333076477,0.0,0.8807807564735413,,False
19941435755,analysis_/managed_subsystem/camera,activate_base_system,1,0,False,0.0,0.0,0.0,,False
19941435755,analysis_/managed_subsystem/sensor_fusion,activate_base_system,1,0,False,0.0,0.0,0.0,,False
19941435755,analysis_/managed_subsystem/segmentation,activate_base_system,1,0,False,0.0,0.0,0.0,,False
19991440147,/camera/experiment_log,,0,0,False,0.0,0.0,0.0,camera_degraded,True
20016446483,/evaluator_log,,0,0,False,0.3325842618942261,0.0,0.8701031804084778,,False
20091454610,/camera/experiment_log,,0,0,False,0.0,0.0,0.0,camera_degraded,True
20116455285,/evaluator_log,,0,0,False,0.33965954184532166,0.0,0.8880758881568909,,False
20141428330,analysis_/managed_subsystem/camera,activate_base_system,1,0,False,0.0,0.0,0.0,,False
20141428330,analysis_/managed_subsystem/sensor_fusion,activate_base_system,1,0,False,0.0,0.0,0.0,,False
20141428330,analysis_/managed_subsystem/segmentation,activate_base_system,1,0,False,0.0,0.0,0.0,,False
20191455462,/camera/experiment_log,,0,0,False,0.0,0.0,0.0,camera_degraded,True
20216453748,/evaluator_log,,0,0,False,0.33628469705581665,0.0,0.8911886215209961,,False
20291451324,/camera/experiment_log,,0,0,False,0.0,0.0,0.0,camera_degraded,True
20316450930,/evaluator_log,,0,0,False,0.33557751774787903,0.0,0.8979854583740234,,False
20341428265,analysis_/managed_subsystem/camera,activate_base_system,1,0,False,0.0,0.0,0.0,,False
20341428265,analysis_/managed_subsystem/sensor_fusion,activate_base_system,1,0,False,0.0,0.0,0.0,,False
20341428265,analysis_/managed_subsystem/segmentation,activate_base_system,1,0,False,0.0,0.0,0.0,,False
20391462127,/camera/experiment_log,,0,0,False,0.0,0.0,0.0,camera_degraded,True
20416459133,/evaluator_log,,0,0,False,0.3350251615047455,0.0,0.8986800312995911,,False
20491462029,/camera/experiment_log,,0,0,False,0.0,0.0,0.0,camera_degraded,True
20516452255,/evaluator_log,,0,0,False,0.33892911672592163,0.0,0.9104328155517578,,False
20591464371,/camera/experiment_log,,0,0,False,0.0,0.0,0.0,camera_degraded,True
20616460437,/evaluator_log,,0,0,False,0.3440704345703125,0.0,0.9243787527084351,,False
20691459974,/camera/experiment_log,,0,0,False,0.0,0.0,0.0,camera_degraded,True
20741451725,/evaluator_log,,0,0,False,0.3407187759876251,0.0,0.9130012392997742,,False
20791470537,/camera/experiment_log,,0,0,False,0.0,0.0,0.0,camera_degraded,True
20816466162,/evaluator_log,,0,0,False,0.3262430727481842,0.0,0.911967933177948,,False
20891445549,/camera/experiment_log,,0,0,False,0.0,0.0,0.0,camera_degraded,True
20941453490,/evaluator_log,,0,0,False,0.34417209029197693,0.0,0.9109224081039429,,False
20991461212,/camera/experiment_log,,0,0,False,0.0,0.0,0.0,camera_degraded,True
21016466837,/evaluator_log,,0,0,False,0.35097306966781616,0.0,0.9295604228973389,,False
21091460824,/camera/experiment_log,,0,0,False,0.0,0.0,0.0,camera_degraded,True
21141478675,/evaluator_log,,0,0,False,0.3260542154312134,0.0,0.9281131625175476,,False
21191473687,/camera/experiment_log,,0,0,False,0.0,0.0,0.0,camera_degraded,True
21241462817,/evaluator_log,,0,0,False,0.3514408469200134,0.003300329903140664,0.9336312413215637,,False
21291459168,/camera/experiment_log,,0,0,False,0.0,0.0,0.0,camera_degraded,True
21341458150,/evaluator_log,,0,0,False,0.32751429080963135,0.013071895577013493,0.9331527948379517,,False
21391461551,/camera/experiment_log,,0,0,False,0.0,0.0,0.0,camera_degraded,True
21441461273,/evaluator_log,,0,0,False,0.3514209985733032,0.01886792480945587,0.9360604882240295,,False
21491462713,/camera/experiment_log,,0,0,False,0.0,0.0,0.0,camera_degraded,True
21516470270,/evaluator_log,,0,0,False,0.3504674434661865,0.0,0.938940167427063,,False
21591482367,/camera/experiment_log,,0,0,False,0.0,0.0,0.0,camera_degraded,True
21616475122,/evaluator_log,,0,0,False,0.35295340418815613,0.005747126415371895,0.9401949644088745,,False
21691488759,/camera/experiment_log,,0,0,False,0.0,0.0,0.0,camera_degraded,True
21716491115,/evaluator_log,,0,0,False,0.35488080978393555,0.0,0.9438645839691162,,False
21791488082,/camera/experiment_log,,0,0,False,0.0,0.0,0.0,camera_degraded,True
21816489988,/evaluator_log,,0,0,False,0.35297903418540955,0.0,0.9409937858581543,,False
21891469144,/camera/experiment_log,,0,0,False,0.0,0.0,0.0,camera_degraded,True
21941468435,/evaluator_log,,0,0,False,0.3603457510471344,0.01600000075995922,0.9461537003517151,,False
21991469676,/camera/experiment_log,,0,0,False,0.0,0.0,0.0,camera_degraded,True
22016468492,/evaluator_log,,0,0,False,0.349682092666626,0.002754820743575692,0.9501781463623047,,False
22091498789,/camera/experiment_log,,0,0,False,0.0,0.0,0.0,camera_degraded,True
22116492585,/evaluator_log,,0,0,False,0.35747578740119934,0.010582011193037033,0.950253427028656,,False
22191491341,/camera/experiment_log,,0,0,False,0.0,0.0,0.0,camera_degraded,True
22216490947,/evaluator_log,,0,0,False,0.3509584665298462,0.0,0.9439480900764465,,False
22291505765,/camera/experiment_log,,0,0,False,0.0,0.0,0.0,camera_degraded,True
22316496329,/evaluator_log,,0,0,False,0.35261693596839905,0.0,0.951242208480835,,False
22391506407,/camera/experiment_log,,0,0,False,0.0,0.0,0.0,camera_degraded,True
22416515623,/evaluator_log,,0,0,False,0.3566080927848816,0.0,0.9531794190406799,,False
22491529430,/camera/experiment_log,,0,0,False,0.0,0.0,0.0,camera_degraded,True
22541484230,/evaluator_log,,0,0,False,0.35279712080955505,0.0,0.9551680088043213,,False
22591485381,/camera/experiment_log,,0,0,False,0.0,0.0,0.0,camera_degraded,True
22641517713,/evaluator_log,,0,0,False,0.35765910148620605,0.0,0.9563530087471008,,False
22691517834,/camera/experiment_log,,0,0,False,0.0,0.0,0.0,camera_degraded,True
22716534901,/evaluator_log,,0,0,False,0.3288636803627014,0.0,0.9558069705963135,,False
22791521647,/camera/experiment_log,,0,0,False,0.0,0.0,0.0,camera_degraded,True
22841515008,/evaluator_log,,0,0,False,0.352934867143631,0.0026881720405071974,0.96001797914505,,False
22891519559,/camera/experiment_log,,0,0,False,0.0,0.0,0.0,camera_degraded,True
22941514291,/evaluator_log,,0,0,False,0.30824562907218933,0.0,0.9578747153282166,,False
22991515052,/camera/experiment_log,,0,0,False,0.0,0.0,0.0,camera_degraded,True
23016511757,/evaluator_log,,0,0,False,0.34708964824676514,0.0,0.9623680114746094,,False
23091533125,/camera/experiment_log,,0,0,False,0.0,0.0,0.0,camera_degraded,True
23116522710,/evaluator_log,,0,0,False,0.343649685382843,0.0,0.9596866369247437,,False
23191519847,/camera/experiment_log,,0,0,False,0.0,0.0,0.0,camera_degraded,True
23216542623,/evaluator_log,,0,0,False,0.3279816806316376,0.0,0.96363765001297,,False
23291528760,/camera/experiment_log,,0,0,False,0.0,0.0,0.0,camera_degraded,True
23316538555,/evaluator_log,,0,0,False,0.30180585384368896,0.0,0.9626529812812805,,False
23391509121,/camera/experiment_log,,0,0,False,0.0,0.0,0.0,camera_degraded,True
23416519628,/evaluator_log,,0,0,False,0.31955814361572266,0.0,0.9519473910331726,,False
23491523504,/camera/experiment_log,,0,0,False,0.0,0.0,0.0,camera_degraded,True
23516544780,/evaluator_log,,0,0,False,0.3347007930278778,0.0,0.9516881108283997,,False
23591532997,/camera/experiment_log,,0,0,False,0.0,0.0,0.0,camera_degraded,True
23616546513,/evaluator_log,,0,0,False,0.3264000713825226,0.0,0.952137291431427,,False
23691515199,/camera/experiment_log,,0,0,False,0.0,0.0,0.0,camera_degraded,True
23741539061,/evaluator_log,,0,0,False,0.3384438157081604,0.0,0.9537851810455322,,False
23791525672,/camera/experiment_log,,0,0,False,0.0,0.0,0.0,camera_degraded,True
23816557918,/evaluator_log,,0,0,False,0.3231695890426636,0.0,0.9524967670440674,,False
23891536334,/camera/experiment_log,,0,0,False,0.0,0.0,0.0,camera_degraded,True
23916578971,/evaluator_log,,0,0,False,0.3413849174976349,0.0,0.9466533064842224,,False
23991542267,/camera/experiment_log,,0,0,False,0.0,0.0,0.0,camera_degraded,True
24016563653,/evaluator_log,,0,0,False,0.31730836629867554,0.0,0.9431099891662598,,False
24091534590,/camera/experiment_log,,0,0,False,0.0,0.0,0.0,camera_degraded,True
24116524925,/evaluator_log,,0,0,False,0.31550654768943787,0.0,0.9476653933525085,,False
24191527442,/camera/experiment_log,,0,0,False,0.0,0.0,0.0,camera_degraded,True
24216533448,/evaluator_log,,0,0,False,0.31535473465919495,0.004273504484444857,0.9496517181396484,,False
24291550565,/camera/experiment_log,,0,0,False,0.0,0.0,0.0,camera_degraded,True
24316558960,/evaluator_log,,0,0,False,0.32949838042259216,0.0045045046135783195,0.9481101632118225,,False
24391546387,/camera/experiment_log,,0,0,False,0.0,0.0,0.0,camera_degraded,True
24416565554,/evaluator_log,,0,0,False,0.31021401286125183,0.0,0.9499368667602539,,False
24491551740,/camera/experiment_log,,0,0,False,0.0,0.0,0.0,camera_degraded,True
24516573716,/evaluator_log,,0,0,False,0.31063494086265564,0.0,0.9516668915748596,,False
24591547532,/camera/experiment_log,,0,0,False,0.0,0.0,0.0,camera_degraded,True
24641556454,/evaluator_log,,0,0,False,0.30802202224731445,0.004761904943734407,0.954447329044342,,False
24691538334,/camera/experiment_log,,0,0,False,0.0,0.0,0.0,camera_degraded,True
24716541500,/evaluator_log,,0,0,False,0.30438363552093506,0.0,0.9562544822692871,,False
24791547767,/camera/experiment_log,,0,0,False,0.0,0.0,0.0,camera_degraded,True
24816545912,/evaluator_log,,0,0,False,0.30931270122528076,0.0,0.9574824571609497,,False
24891558900,/camera/experiment_log,,0,0,False,0.0,0.0,0.0,camera_degraded,True
24916563996,/evaluator_log,,0,0,False,0.29225975275039673,0.009259259328246117,0.9668300747871399,,False
24991570913,/camera/experiment_log,,0,0,False,0.0,0.0,0.0,camera_degraded,True
25016571818,/evaluator_log,,0,0,False,0.2864573895931244,0.0,0.9677667021751404,,False
25091574165,/camera/experiment_log,,0,0,False,0.0,0.0,0.0,camera_degraded,True
25116580151,/evaluator_log,,0,0,False,0.3117900788784027,0.004115226212888956,0.9675700068473816,,False
25191579748,/camera/experiment_log,,0,0,False,0.0,0.0,0.0,camera_degraded,True
25241571459,/evaluator_log,,0,0,False,0.2946108281612396,0.0,0.969475507736206,,False
25291548020,/camera/experiment_log,,0,0,False,0.0,0.0,0.0,camera_degraded,True
25316561735,/evaluator_log,,0,0,False,0.3009026050567627,0.0043290043249726295,0.9668980836868286,,False
25391569673,/camera/experiment_log,,0,0,False,0.0,0.0,0.0,camera_degraded,True
25441575854,/evaluator_log,,0,0,False,0.30669382214546204,0.0,0.9675499796867371,,False
25491566015,/camera/experiment_log,,0,0,False,0.0,0.0,0.0,camera_degraded,True
25516573971,/evaluator_log,,0,0,False,0.3027169704437256,0.0,0.9669971466064453,,False
25591578868,/camera/experiment_log,,0,0,False,0.0,0.0,0.0,camera_degraded,True
25616576893,/evaluator_log,,0,0,False,0.2942967414855957,0.0,0.9644464254379272,,False
25691587381,/camera/experiment_log,,0,0,False,0.0,0.0,0.0,camera_degraded,True
25716581856,/evaluator_log,,0,0,False,0.29520291090011597,0.0,0.9623156785964966,,False
25791578483,/camera/experiment_log,,0,0,False,0.0,0.0,0.0,camera_degraded,True
25816571649,/evaluator_log,,0,0,False,0.3398343622684479,0.0,0.9667865633964539,,False
25891581716,/camera/experiment_log,,0,0,False,0.0,0.0,0.0,camera_degraded,True
25916593161,/evaluator_log,,0,0,False,0.3326479494571686,0.0,0.9645921587944031,,False
25991581638,/camera/experiment_log,,0,0,False,0.0,0.0,0.0,camera_degraded,True
26016588854,/evaluator_log,,0,0,False,0.3304808735847473,0.004385964944958687,0.9605103135108948,,False
26091572700,/camera/experiment_log,,0,0,False,0.0,0.0,0.0,camera_degraded,True
26141580092,/evaluator_log,,0,0,False,0.3518592119216919,0.0,0.9587542414665222,,False
26191589233,/camera/experiment_log,,0,0,False,0.0,0.0,0.0,camera_degraded,True
26241590404,/evaluator_log,,0,0,False,0.3411754369735718,0.0,0.9707767963409424,,False
26291590936,/camera/experiment_log,,0,0,False,0.0,0.0,0.0,camera_degraded,True
26316587831,/evaluator_log,,0,0,False,0.3422147035598755,0.0,0.9731948375701904,,False
26391605318,/camera/experiment_log,,0,0,False,0.0,0.0,0.0,camera_degraded,True
26441598760,/evaluator_log,,0,0,False,0.3645051419734955,0.0,0.9727151989936829,,False
26491575140,/camera/experiment_log,,0,0,False,0.0,0.0,0.0,camera_degraded,True
26516579596,/evaluator_log,,0,0,False,0.36353740096092224,0.0,0.9745128750801086,,False
26591597883,/camera/experiment_log,,0,0,False,0.0,0.0,0.0,camera_degraded,True
26641574524,/evaluator_log,,0,0,False,0.3521392345428467,0.0,0.9735606908798218,,False
26691575845,/camera/experiment_log,,0,0,False,0.0,0.0,0.0,camera_degraded,True
26741598907,/evaluator_log,,0,0,False,0.3483356535434723,0.0,0.973068118095398,,False
26791584968,/camera/experiment_log,,0,0,False,0.0,0.0,0.0,camera_degraded,True
26841600870,/evaluator_log,,0,0,False,0.36004409193992615,0.0,0.9735268950462341,,False
26891592470,/camera/experiment_log,,0,0,False,0.0,0.0,0.0,camera_degraded,True
26941606642,/evaluator_log,,0,0,False,0.3509368300437927,0.0,0.9735470414161682,,False
26991588413,/camera/experiment_log,,0,0,False,0.0,0.0,0.0,camera_degraded,True
27041603725,/evaluator_log,,0,0,False,0.35985302925109863,0.0,0.9697110056877136,,False
27091607106,/camera/experiment_log,,0,0,False,0.0,0.0,0.0,camera_degraded,True
27141600587,/evaluator_log,,0,0,False,0.35243967175483704,0.0,0.9719810485839844,,False
27191607578,/camera/experiment_log,,0,0,False,0.0,0.0,0.0,camera_degraded,True
27241605280,/evaluator_log,,0,0,False,0.36292436718940735,0.0,0.9717216491699219,,False
27291611001,/camera/experiment_log,,0,0,False,0.0,0.0,0.0,camera_degraded,True
27316604797,/evaluator_log,,0,0,False,0.373102068901062,0.0,0.9708242416381836,,False
27391633624,/camera/experiment_log,,0,0,False,0.0,0.0,0.0,camera_degraded,True
27416627850,/evaluator_log,,0,0,False,0.37488535046577454,0.0,0.9682708978652954,,False
27491626386,/camera/experiment_log,,0,0,False,0.0,0.0,0.0,camera_degraded,True
27541607707,/evaluator_log,,0,0,False,0.36637991666793823,0.0,0.9630347490310669,,False
27591600578,/camera/experiment_log,,0,0,False,0.0,0.0,0.0,camera_degraded,True
27616606914,/evaluator_log,,0,0,False,0.3804784417152405,0.0,0.9572047591209412,,False
27691614911,/camera/experiment_log,,0,0,False,0.0,0.0,0.0,camera_degraded,True
27741613693,/evaluator_log,,0,0,False,0.3926942050457001,0.0,0.9678943753242493,,False
27791640674,/camera/experiment_log,,0,0,False,0.0,0.0,0.0,camera_degraded,True
27816638140,/evaluator_log,,0,0,False,0.39657455682754517,0.0,0.9624555110931396,,False
27891641347,/camera/experiment_log,,0,0,False,0.0,0.0,0.0,camera_degraded,True
27941652648,/evaluator_log,,0,0,False,0.4038744568824768,0.0,0.9652771353721619,,False
27991641679,/camera/experiment_log,,0,0,False,0.0,0.0,0.0,camera_degraded,True
28016636715,/evaluator_log,,0,0,False,0.3954063057899475,0.0,0.9616391658782959,,False
28091639212,/camera/experiment_log,,0,0,False,0.0,0.0,0.0,camera_degraded,True
28116638768,/evaluator_log,,0,0,False,0.39294037222862244,0.0,0.9542797207832336,,False
28191624854,/camera/experiment_log,,0,0,False,0.0,0.0,0.0,camera_degraded,True
28241674547,/evaluator_log,,0,0,False,0.39688640832901,0.0,0.9576961994171143,,False
28291657887,/camera/experiment_log,,0,0,False,0.0,0.0,0.0,camera_degraded,True
28316638552,/evaluator_log,,0,0,False,0.39586663246154785,0.0,0.9626027941703796,,False
28391657700,/camera/experiment_log,,0,0,False,0.0,0.0,0.0,camera_degraded,True
28416645405,/evaluator_log,,0,0,False,0.4063835144042969,0.0,0.9619335532188416,,False
28491677883,/camera/experiment_log,,0,0,False,0.0,0.0,0.0,camera_degraded,True
28516674139,/evaluator_log,,0,0,False,0.3937765657901764,0.004629629664123058,0.9599999785423279,,False
28591684055,/camera/experiment_log,,0,0,False,0.0,0.0,0.0,camera_degraded,True
28641639516,/evaluator_log,,0,0,False,0.37152132391929626,0.0,0.9632761478424072,,False
28691648957,/camera/experiment_log,,0,0,False,0.0,0.0,0.0,camera_degraded,True
28741683300,/evaluator_log,,0,0,False,0.39295879006385803,0.0,0.9627840518951416,,False
28791677840,/camera/experiment_log,,0,0,False,0.0,0.0,0.0,camera_degraded,True
28816675366,/evaluator_log,,0,0,False,0.397295206785202,0.0,0.9633074402809143,,False
28891647052,/camera/experiment_log,,0,0,False,0.0,0.0,0.0,camera_degraded,True
28941671354,/evaluator_log,,0,0,False,0.39018043875694275,0.0,0.9546141028404236,,False
28991667945,/camera/experiment_log,,0,0,False,0.0,0.0,0.0,camera_degraded,True
29016679721,/evaluator_log,,0,0,False,0.38576793670654297,0.0,0.9523748755455017,,False
29091704448,/camera/experiment_log,,0,0,False,0.0,0.0,0.0,camera_degraded,True
29141704280,/evaluator_log,,0,0,False,0.36052390933036804,0.0,0.9514499306678772,,False
29191708241,/camera/experiment_log,,0,0,False,0.0,0.0,0.0,camera_degraded,True
29216707457,/evaluator_log,,0,0,False,0.3665742874145508,0.0,0.9576210975646973,,False
29291675083,/camera/experiment_log,,0,0,False,0.0,0.0,0.0,camera_degraded,True
29341706515,/evaluator_log,,0,0,False,0.4143027663230896,0.0,0.9688679575920105,,False
29391704776,/camera/experiment_log,,0,0,False,0.0,0.0,0.0,camera_degraded,True
29441723518,/evaluator_log,,0,0,False,0.41587600111961365,0.0,0.9606345295906067,,False
29491707559,/camera/experiment_log,,0,0,False,0.0,0.0,0.0,camera_degraded,True
29541696260,/evaluator_log,,0,0,False,0.41052868962287903,0.0,0.9595341086387634,,False
29591709832,/camera/experiment_log,,0,0,False,0.0,0.0,0.0,camera_degraded,True
29616680916,/evaluator_log,,0,0,False,0.41464850306510925,0.0,0.9602604508399963,,False
29691661423,/camera/experiment_log,,0,0,False,0.0,0.0,0.0,camera_degraded,True
29716700879,/evaluator_log,,0,0,False,0.41528207063674927,0.0,0.9627218246459961,,False
29791725447,/camera/experiment_log,,0,0,False,0.0,0.0,0.0,camera_degraded,True
29816703192,/evaluator_log,,0,0,False,0.4126552641391754,0.0,0.9566920399665833,,False
29891696239,/camera/experiment_log,,0,0,False,0.0,0.0,0.0,camera_degraded,True
29916701625,/evaluator_log,,0,0,False,0.4434413015842438,0.0,0.9513977766036987,,False
29991706202,/camera/experiment_log,,0,0,False,0.0,0.0,0.0,camera_degraded,True
30041706023,/evaluator_log,,0,0,False,0.4117627441883087,0.0,0.9538593292236328,,False
30091705644,/camera/experiment_log,,0,0,False,0.0,0.0,0.0,camera_degraded,True
30116714790,/evaluator_log,,0,0,False,0.41747382283210754,0.0,0.9461715221405029,,False
30191707086,/camera/experiment_log,,0,0,False,0.0,0.0,0.0,camera_degraded,True
30241721198,/evaluator_log,,0,0,False,0.43958780169487,0.0,0.9472888708114624,,False
30291710929,/camera/experiment_log,,0,0,False,0.0,0.0,0.0,camera_degraded,True
30316715015,/evaluator_log,,0,0,False,0.4564354121685028,0.0,0.9466717839241028,,False
30391731072,/camera/experiment_log,,0,0,False,0.0,0.0,0.0,camera_degraded,True
30416702837,/evaluator_log,,0,0,False,0.465263307094574,0.0,0.9599475860595703,,False
30491706644,/camera/experiment_log,,0,0,False,0.0,0.0,0.0,camera_degraded,True
30516761431,/evaluator_log,,0,0,False,0.4684279263019562,0.0,0.9581928849220276,,False
30591722187,/camera/experiment_log,,0,0,False,0.0,0.0,0.0,camera_degraded,True
30616715243,/evaluator_log,,0,0,False,0.4536208510398865,0.0,0.9467087388038635,,False
30691727460,/camera/experiment_log,,0,0,False,0.0,0.0,0.0,camera_degraded,True
30741721581,/evaluator_log,,0,0,False,0.44743695855140686,0.0,0.9485966563224792,,False
30791749213,/camera/experiment_log,,0,0,False,0.0,0.0,0.0,camera_degraded,True
30841747424,/evaluator_log,,0,0,False,0.44383853673934937,0.0,0.9445590972900391,,False
30891748705,/camera/experiment_log,,0,0,False,0.0,0.0,0.0,camera_degraded,True
30916734831,/evaluator_log,,0,0,False,0.4444170892238617,0.0,0.9627314209938049,,False
30991735177,/camera/experiment_log,,0,0,False,0.0,0.0,0.0,camera_degraded,True
31016725463,/evaluator_log,,0,0,False,0.4562716484069824,0.0,0.9381946325302124,,False
31091751200,/camera/experiment_log,,0,0,False,0.0,0.0,0.0,camera_degraded,True
31116713595,/evaluator_log,,0,0,False,0.43651989102363586,0.0,0.9336863160133362,,False
31191753163,/camera/experiment_log,,0,0,False,0.0,0.0,0.0,camera_degraded,True
31216745729,/evaluator_log,,0,0,False,0.39165493845939636,0.0,0.9286536574363708,,False
31291795966,/camera/experiment_log,,0,0,False,0.0,0.0,0.0,camera_degraded,True
31341786848,/evaluator_log,,0,0,False,0.39572983980178833,0.0,0.9202465415000916,,False
31391776119,/camera/experiment_log,,0,0,False,0.0,0.0,0.0,camera_degraded,True
31416727783,/evaluator_log,,0,0,False,0.37451162934303284,0.0,0.9080135822296143,,False
31491754211,/camera/experiment_log,,0,0,False,0.0,0.0,0.0,camera_degraded,True
31541750982,/evaluator_log,,0,0,False,0.36840787529945374,0.0,0.903926432132721,,False
31591713572,/camera/experiment_log,,0,0,False,0.0,0.0,0.0,camera_degraded,True
31691706545,/evaluator_log,,0,0,False,0.3593754470348358,0.0,0.9043112993240356,,False
31691706545,/camera/experiment_log,,0,0,False,0.0,0.0,0.0,camera_degraded,True
31741730117,/evaluator_log,,0,0,False,0.3649887442588806,0.0,0.9047164916992188,,False
31791726368,/camera/experiment_log,,0,0,False,0.0,0.0,0.0,camera_degraded,True
31841751880,/evaluator_log,,0,0,False,0.3612551689147949,0.0,0.9089124798774719,,False
31891720020,/camera/experiment_log,,0,0,False,0.0,0.0,0.0,camera_degraded,True
31941770203,/evaluator_log,,0,0,False,0.38149675726890564,0.0,0.9091293215751648,,False
31991763684,/camera/experiment_log,,0,0,False,0.0,0.0,0.0,camera_degraded,True
32041776415,/evaluator_log,,0,0,False,0.3754720389842987,0.0,0.9030611515045166,,False
32091747876,/camera/experiment_log,,0,0,False,0.0,0.0,0.0,camera_degraded,True
32141774788,/evaluator_log,,0,0,False,0.37711143493652344,0.0,0.9052730202674866,,False
32191739498,/camera/experiment_log,,0,0,False,0.0,0.0,0.0,camera_degraded,True
32241771720,/evaluator_log,,0,0,False,0.3660125732421875,0.0,0.8966765999794006,,False
32291748901,/camera/experiment_log,,0,0,False,0.0,0.0,0.0,camera_degraded,True
32341732912,/evaluator_log,,0,0,False,0.34209415316581726,0.0,0.8872290849685669,,False
32391748164,/camera/experiment_log,,0,0,False,0.0,0.0,0.0,camera_degraded,True
32441755345,/evaluator_log,,0,0,False,0.33877092599868774,0.0,0.8824384212493896,,False
32491750006,/camera/experiment_log,,0,0,False,0.0,0.0,0.0,camera_degraded,True
32541741317,/evaluator_log,,0,0,False,0.3366547226905823,0.0,0.8951281905174255,,False
32591752189,/camera/experiment_log,,0,0,False,0.0,0.0,0.0,camera_degraded,True
32616768185,/evaluator_log,,0,0,False,0.3406561017036438,0.0,0.89748215675354,,False
32691753721,/camera/experiment_log,,0,0,False,0.0,0.0,0.0,camera_degraded,True
32741738932,/evaluator_log,,0,0,False,0.3399229347705841,0.0,0.8981263637542725,,False
32791759744,/camera/experiment_log,,0,0,False,0.0,0.0,0.0,camera_degraded,True
32841747865,/evaluator_log,,0,0,False,0.3548544645309448,0.0,0.8809940218925476,,False
32891753607,/camera/experiment_log,,0,0,False,0.0,0.0,0.0,camera_degraded,True
32941754397,/evaluator_log,,0,0,False,0.34983235597610474,0.0,0.8916513323783875,,False
32991764149,/camera/experiment_log,,0,0,False,0.0,0.0,0.0,camera_degraded,True
33041773331,/evaluator_log,,0,0,False,0.3331019878387451,0.0,0.8809449076652527,,False
33091767132,/camera/experiment_log,,0,0,False,0.0,0.0,0.0,camera_degraded,True
33141745473,/evaluator_log,,0,0,False,0.3593464195728302,0.10256410390138626,0.8687263131141663,,False
33191758814,/camera/experiment_log,,0,0,False,0.0,0.0,0.0,camera_degraded,True
33216761700,/evaluator_log,,0,0,False,0.3436827063560486,0.0,0.8442917466163635,,False
33291883640,/camera/experiment_log,,0,0,False,0.0,0.0,0.0,camera_degraded,True
33341747818,/evaluator_log,,0,0,False,0.38760632276535034,0.12345678359270096,0.8694890737533569,,False
33391740179,/camera/experiment_log,,0,0,False,0.0,0.0,0.0,camera_image_dropped,True
33491772162,/camera/experiment_log,,0,0,False,0.0,0.0,0.0,camera_image_dropped,True
33591802446,/camera/experiment_log,,0,0,False,0.0,0.0,0.0,camera_image_dropped,True
33691805079,/camera/experiment_log,,0,0,False,0.0,0.0,0.0,camera_image_dropped,True
33791794151,/camera/experiment_log,,0,0,False,0.0,0.0,0.0,camera_image_dropped,True
33891809283,/camera/experiment_log,,0,0,False,0.0,0.0,0.0,camera_image_dropped,True
33991811656,/camera/experiment_log,,0,0,False,0.0,0.0,0.0,camera_image_dropped,True
34091786568,/camera/experiment_log,,0,0,False,0.0,0.0,0.0,camera_image_dropped,True
34191765260,/camera/experiment_log,,0,0,False,0.0,0.0,0.0,camera_image_dropped,True
34291792534,/camera/experiment_log,,0,0,False,0.0,0.0,0.0,camera_image_dropped,True
34391788076,/camera/experiment_log,,0,0,False,0.0,0.0,0.0,camera_image_dropped,True
34491795749,/camera/experiment_log,,0,0,False,0.0,0.0,0.0,camera_image_dropped,True
34591791531,/camera/experiment_log,,0,0,False,0.0,0.0,0.0,camera_image_dropped,True
34691795594,/camera/experiment_log,,0,0,False,0.0,0.0,0.0,camera_image_dropped,True
34791803547,/camera/experiment_log,,0,0,False,0.0,0.0,0.0,camera_image_dropped,True
34891815209,/camera/experiment_log,,0,0,False,0.0,0.0,0.0,camera_image_dropped,True
34991804212,/camera/experiment_log,,0,0,False,0.0,0.0,0.0,camera_image_dropped,True
35091841625,/camera/experiment_log,,0,0,False,0.0,0.0,0.0,camera_image_dropped,True
35191843688,/camera/experiment_log,,0,0,False,0.0,0.0,0.0,camera_image_dropped,True
35291844771,/camera/experiment_log,,0,0,False,0.0,0.0,0.0,camera_image_dropped,True
35391848973,/camera/experiment_log,,0,0,False,0.0,0.0,0.0,camera_image_dropped,True
35491850496,/camera/experiment_log,,0,0,False,0.0,0.0,0.0,camera_image_dropped,True
35591853798,/camera/experiment_log,,0,0,False,0.0,0.0,0.0,camera_image_dropped,True
35691871792,/camera/experiment_log,,0,0,False,0.0,0.0,0.0,camera_image_dropped,True
35791849704,/camera/experiment_log,,0,0,False,0.0,0.0,0.0,camera_image_dropped,True
35891893638,/camera/experiment_log,,0,0,False,0.0,0.0,0.0,camera_image_dropped,True
35991932291,/camera/experiment_log,,0,0,False,0.0,0.0,0.0,camera_image_dropped,True
36091930903,/camera/experiment_log,,0,0,False,0.0,0.0,0.0,camera_image_dropped,True
36191888645,/camera/experiment_log,,0,0,False,0.0,0.0,0.0,camera_image_dropped,True
36291865387,/camera/experiment_log,,0,0,False,0.0,0.0,0.0,camera_image_dropped,True
36391859859,/camera/experiment_log,,0,0,False,0.0,0.0,0.0,camera_image_dropped,True
36491878193,/camera/experiment_log,,0,0,False,0.0,0.0,0.0,camera_image_dropped,True
36591864144,/camera/experiment_log,,0,0,False,0.0,0.0,0.0,camera_image_dropped,True
36691879778,/camera/experiment_log,,0,0,False,0.0,0.0,0.0,camera_image_dropped,True
36791878810,/camera/experiment_log,,0,0,False,0.0,0.0,0.0,camera_image_dropped,True
36891881963,/camera/experiment_log,,0,0,False,0.0,0.0,0.0,camera_image_dropped,True
36991886756,/camera/experiment_log,,0,0,False,0.0,0.0,0.0,camera_image_dropped,True
37091883318,/camera/experiment_log,,0,0,False,0.0,0.0,0.0,camera_image_dropped,True
37191891411,/camera/experiment_log,,0,0,False,0.0,0.0,0.0,camera_image_dropped,True
37291901614,/camera/experiment_log,,0,0,False,0.0,0.0,0.0,camera_image_dropped,True
37391896436,/camera/experiment_log,,0,0,False,0.0,0.0,0.0,camera_image_dropped,True
37491900569,/camera/experiment_log,,0,0,False,0.0,0.0,0.0,camera_image_dropped,True
37591902222,/camera/experiment_log,,0,0,False,0.0,0.0,0.0,camera_image_dropped,True
37691905265,/camera/experiment_log,,0,0,False,0.0,0.0,0.0,camera_image_dropped,True
37791907227,/camera/experiment_log,,0,0,False,0.0,0.0,0.0,camera_image_dropped,True
37891909399,/camera/experiment_log,,0,0,False,0.0,0.0,0.0,camera_image_dropped,True
37991912832,/camera/experiment_log,,0,0,False,0.0,0.0,0.0,camera_image_dropped,True